-- MYSQL
--INSERT INTO USER (ID, USERNAME, PASSWORD, FIRSTNAME, LASTNAME, EMAIL, ENABLED, LASTPASSWORDRESETDATE) VALUES (1, 'admin', '$2a$08$lDnHPz7eUkSi6ao14Twuau08mzhWrL4kyZGGU5xfiGALO/Vxd5DOi', 'admin', 'admin', 'admin@admin.com', 1, STR_TO_DATE('01-01-2016', '%d-%m-%Y'));
--INSERT INTO USER (ID, USERNAME, PASSWORD, FIRSTNAME, LASTNAME, EMAIL, ENABLED, LASTPASSWORDRESETDATE) VALUES (2, 'user', '$2a$08$UkVvwpULis18S19S5pZFn.YHPZt3oaqHZnDwqbCW9pft6uFtkXKDC', 'user', 'user', 'enabled@user.com', 1, STR_TO_DATE('01-01-2016','%d-%m-%Y'));
--INSERT INTO USER (ID, USERNAME, PASSWORD, FIRSTNAME, LASTNAME, EMAIL, ENABLED, LASTPASSWORDRESETDATE) VALUES (3, 'disabled', '$2a$08$UkVvwpULis18S19S5pZFn.YHPZt3oaqHZnDwqbCW9pft6uFtkXKDC', 'user', 'user', 'disabled@user.com', 0, STR_TO_DATE('01-01-2016','%d-%m-%Y'));

-- H2
-- INSERT INTO USER (ID, USERNAME, PASSWORD, FIRSTNAME, LASTNAME, EMAIL, ENABLED, LASTPASSWORDRESETDATE) VALUES (1, 'admin', '$2a$08$lDnHPz7eUkSi6ao14Twuau08mzhWrL4kyZGGU5xfiGALO/Vxd5DOi', 'admin', 'admin', 'admin@admin.com', 1, PARSEDATETIME('01-01-2016', 'dd-MM-yyyy'));
-- INSERT INTO USER (ID, USERNAME, PASSWORD, FIRSTNAME, LASTNAME, EMAIL, ENABLED, LASTPASSWORDRESETDATE) VALUES (2, 'user', '$2a$08$UkVvwpULis18S19S5pZFn.YHPZt3oaqHZnDwqbCW9pft6uFtkXKDC', 'user', 'user', 'enabled@user.com', 1, PARSEDATETIME('01-01-2016','dd-MM-yyyy'));
-- INSERT INTO USER (ID, USERNAME, PASSWORD, FIRSTNAME, LASTNAME, EMAIL, ENABLED, LASTPASSWORDRESETDATE) VALUES (3, 'disabled', '$2a$08$UkVvwpULis18S19S5pZFn.YHPZt3oaqHZnDwqbCW9pft6uFtkXKDC', 'user', 'user', 'disabled@user.com', 0, PARSEDATETIME('01-01-2016','dd-MM-yyyy'));
--
--
-- INSERT INTO AUTHORITY (ID, NAME) VALUES (1, 'ROLE_USER');
-- INSERT INTO AUTHORITY (ID, NAME) VALUES (2, 'ROLE_ADMIN');
--
-- INSERT INTO USER_AUTHORITY (USER_ID, AUTHORITY_ID) VALUES (1, 1);
-- INSERT INTO USER_AUTHORITY (USER_ID, AUTHORITY_ID) VALUES (1, 2);
-- INSERT INTO USER_AUTHORITY (USER_ID, AUTHORITY_ID) VALUES (2, 1);
-- INSERT INTO USER_AUTHORITY (USER_ID, AUTHORITY_ID) VALUES (3, 1);
INSERT INTO app_role (id, role_name, description) VALUES (1, 'STANDARD_USER', 'Standard User - Has no admin rights');
INSERT INTO app_role (id, role_name, description) VALUES (2, 'ADMIN_USER', 'Admin User - Has permission to perform admin tasks');

-- USER
-- non-encrypted password: jwtpass
INSERT INTO app_user (id, first_name, last_name, password, username) VALUES (1, 'John', 'Doe', '821f498d827d4edad2ed0960408a98edceb661d9f34287ceda2962417881231a', 'john.doe');
INSERT INTO app_user (id, first_name, last_name, password, username) VALUES (2, 'Admin', 'Admin', '821f498d827d4edad2ed0960408a98edceb661d9f34287ceda2962417881231a', 'admin.admin');


INSERT INTO user_role(user_id, role_id) VALUES(1,1);
INSERT INTO user_role(user_id, role_id) VALUES(2,1);
INSERT INTO user_role(user_id, role_id) VALUES(2,2);

-- Populate random city table
--
-- INSERT INTO random_city(id, name) VALUES (1, 'Bamako');
-- INSERT INTO random_city(id, name) VALUES (2, 'Nonkon');
-- INSERT INTO random_city(id, name) VALUES (3, 'Houston');
-- INSERT INTO random_city(id, name) VALUES (4, 'Toronto');
-- INSERT INTO random_city(id, name) VALUES (5, 'New York');
-- INSERT INTO random_city(id, name) VALUES (6, 'Mopti');
-- INSERT INTO random_city(id, name) VALUES (7, 'Koulikoro');
-- INSERT INTO random_city(id, name) VALUES (8, 'Moscow');
